yutaka nakachi, 0.0038022813688212928
yuki i. kawamura, 0.0038022813688212928
yohei yonekura, 0.0038022813688212928
yari ciani, 0.0038022813688212928
weonju lee, 0.0038022813688212928
valerio orlando, 0.0038022813688212928
tsugumi kawashima, 0.0038022813688212928
toshio kitamura, 0.0038022813688212928
tony j. kenna, 0.0038022813688212928
tomokatsu ikawa, 0.0038022813688212928
thomas j. ha, 0.0038022813688212928
teunis b. geijtenbeek, 0.0038022813688212928
taeko dohi, 0.0038022813688212928
tadasuke nozaki, 0.0038022813688212928
swati pradhan-bhatt, 0.0038022813688212928
sven guhl, 0.0038022813688212928
suzana savvi, 0.0038022813688212928
susan e. zabierowski, 0.0038022813688212928
sugata roy, 0.0038022813688212928
soichi kojima, 0.0038022813688212928
silvia zucchelli, 0.0038022813688212928
silvano piazza, 0.0038022813688212928
shohei noma, 0.0038022813688212928
shimon sakaguchi, 0.0038022813688212928
shigeo koyasu, 0.0038022813688212928
shigehiro yoshida, 0.0038022813688212928
sayaka nagao-sato, 0.0038022813688212928
sarah krampitz, 0.0038022813688212928
s. peter klinken, 0.0038022813688212928
rolf k. swoboda, 0.0038022813688212928
roberto verardo, 0.0038022813688212928
robert passier, 0.0038022813688212928
riken pmi + clst (dgt), 0.0038022813688212928
ri-ichiroh manabe, 0.0038022813688212928
peter g. zhang, 0.0038022813688212928
peter arner, 0.0038022813688212928
oliver m. hofmann, 0.0038022813688212928
noriko ninomiya, 0.0038022813688212928
niklas mejhert, 0.0038022813688212928
naoko suzuki, 0.0038022813688212928
naganari ohkura, 0.0038022813688212928
mutsumi kanamori-katayama, 0.0038022813688212928
morten b. rye, 0.0038022813688212928
mizuho sakai, 0.0038022813688212928
mitsuyoshi murata, 0.0038022813688212928
mitsuru morimoto, 0.0038022813688212928
mitsuko hara, 0.0038022813688212928
mitsuhiro ohshima, 0.0038022813688212928
mitsuhiro endoh, 0.0038022813688212928
misako yoneda, 0.0038022813688212928
miki kojima, 0.0038022813688212928
michihira tagami, 0.0038022813688212928
michela fagiolini, 0.0038022813688212928
michael detmar, 0.0038022813688212928
mette j√∏rgensen, 0.0038022813688212928
meenhard herlyn, 0.0038022813688212928
matthias harbers, 0.0038022813688212928
matthias edinger, 0.0038022813688212928
masahide hamaguchi, 0.0038022813688212928
mary c. farach-carson, 0.0038022813688212928
margaret patrikakis, 0.0038022813688212928
marco roncador, 0.0038022813688212928
marc van de wetering, 0.0038022813688212928
malcolm e. fisher, 0.0038022813688212928
magda babina, 0.0038022813688212928
lynsey fairbairn, 0.0038022813688212928
louise n. winteringham, 0.0038022813688212928
linda m. van den berg, 0.0038022813688212928
kenichi nakazato, 0.0038022813688212928
kelly j. hitchens, 0.0038022813688212928
kazuhiro kajiyama, 0.0038022813688212928
kaoru kaida, 0.0038022813688212928
jun-ichi furusawa, 0.0038022813688212928
judith s. kempfle, 0.0038022813688212928
james g. d. prendergast, 0.0038022813688212928
james briggs, 0.0038022813688212928
hozumi motohashi, 0.0038022813688212928
hiroo toyoda, 0.0038022813688212928
hiromi nishiyori, 0.0038022813688212928
hiromasa morikawa, 0.0038022813688212928
hiroko ohmiya, 0.0038022813688212928
hideki tatsukawa, 0.0038022813688212928
hideki enomoto, 0.0038022813688212928
helena persson, 0.0038022813688212928
gundula g. schulze-tanzil, 0.0038022813688212928
fumio nakahara, 0.0038022813688212928
fumi hori, 0.0038022813688212928
ernst wolvetang, 0.0038022813688212928
eri saijyo, 0.0038022813688212928
emily j. wood, 0.0038022813688212928
emiliano dalla, 0.0038022813688212928
dmitry a. ovchinnikov, 0.0038022813688212928
dipti vijayan, 0.0038022813688212928
christian schmidl, 0.0038022813688212928
chieko kai, 0.0038022813688212928
carlo v. cannistraci, 0.0038022813688212928
berit lilje, 0.0038022813688212928
beatrice bodega, 0.0038022813688212928
atsutaka kubosaki, 0.0038022813688212928
antti sajantila, 0.0038022813688212928
